subj,shot,timestamp,x,y,duration,prev_sacc_amplitude,aoi_span,aoi_label,aoi_order,order
1,set_1,0.295768,979.516800,496.341000,0.016505,0.000000,0,street_signs,5,1
1,set_1,0.476590,936.816000,902.971800,0.016349,0.000000,-2,dash,3,2
1,set_1,0.525756,880.099200,892.015200,0.032855,57.765409,0,dash,3,3
1,set_1,0.722962,852.658560,915.187680,0.082141,35.915909,0,dash,3,4
1,set_1,0.903568,982.159360,922.341600,0.246555,129.698249,0,dash,3,5
1,set_1,1.166527,993.177600,961.281000,0.016270,40.468240,0,dash,3,6
1,set_1,1.560730,880.310400,636.082200,0.016541,344.228506,-2,crosswalk,1,7
1,set_1,1.725129,894.633600,532.558800,0.016371,104.509561,0,crosswalk,1,8
1,set_1,1.757828,907.113600,605.431800,0.016436,73.933920,1,car,2,9
1,set_1,1.905773,787.000000,569.619900,0.098544,125.338618,-1,crosswalk,1,10
1,set_1,2.037164,778.089600,532.805400,0.049298,37.877469,0,crosswalk,1,11
1,set_1,2.102875,783.685486,543.894429,0.345086,12.420970,0,crosswalk,1,12
1,set_1,2.497267,738.123927,586.439018,0.180682,62.336969,0,crosswalk,1,13
1,set_1,2.743579,761.313600,648.726300,0.032921,66.464023,0,crosswalk,1,14
1,set_1,2.858606,944.916000,888.683400,0.065726,302.141111,2,dash,3,15
1,set_1,2.957318,975.403886,967.033543,0.114836,84.072921,0,dash,3,16
1,set_1,3.121458,1083.910400,985.032000,0.049299,109.989127,0,dash,3,17
1,set_1,3.236499,1086.464139,891.550330,0.377735,93.516545,0,dash,3,18
1,set_1,3.680050,1224.864000,880.713000,0.016473,138.823518,0,dash,3,19
1,set_1,3.729327,1160.800800,928.532700,0.065734,79.942588,0,dash,3,20
1,set_1,3.811547,1181.581867,881.247000,0.147863,51.650655,0,dash,3,21
1,set_1,4.074343,1138.003200,909.446400,0.032857,51.906708,0,dash,3,22
1,set_1,4.189396,1295.042400,913.599000,0.065728,157.094094,0,dash,3,23
1,set_1,4.550809,829.628612,917.691565,0.279361,465.431782,0,dash,3,24
1,set_1,4.895771,966.133333,911.474400,0.147950,136.646230,0,dash,3,25
1,set_1,5.060035,947.184000,916.470257,0.115116,19.596832,0,dash,3,26
1,set_1,5.191550,894.807467,926.306400,0.147749,53.292128,0,dash,3,27
1,set_1,5.355848,904.896000,959.145300,0.032874,34.353629,0,dash,3,28
1,set_1,5.503699,1040.312400,943.226100,0.131229,136.348899,0,dash,3,29
1,set_1,5.700707,1215.753600,902.388600,0.049292,180.131386,0,dash,3,30
1,set_1,5.782840,1143.252185,904.992646,0.213630,72.548165,0,dash,3,31
1,set_1,6.095151,1234.048800,947.419200,0.065630,100.219947,0,dash,3,32
1,set_1,6.292306,864.019200,961.092000,0.016403,370.282123,0,dash,3,33
1,set_1,6.341546,869.961600,916.269300,0.032875,45.214893,0,dash,3,34
1,set_1,6.423568,894.302400,976.654800,0.032875,65.106706,0,dash,3,35
1,set_1,6.472959,836.073600,967.688100,0.032817,58.915150,0,dash,3,36
1,set_1,6.571472,947.942400,888.597000,0.049207,137.003761,0,dash,3,37
1,set_1,6.637275,944.922514,948.215314,0.115047,59.694749,0,dash,3,38
1,set_1,6.818006,1063.531200,902.391300,0.032798,127.152902,0,dash,3,39
1,set_1,6.867324,1045.850880,947.309040,0.082019,48.272115,0,dash,3,40
1,set_1,7.228669,1211.123200,887.095800,0.049279,175.899329,0,dash,3,41
1,set_1,7.310748,1244.380800,928.892782,0.180779,53.414002,0,dash,3,42
1,set_1,7.507940,1247.097600,913.728600,0.016489,15.405629,0,dash,3,43
1,set_1,7.655779,846.259200,917.179200,0.016494,400.853252,0,dash,3,44
1,set_1,7.721598,926.697600,1007.964000,0.016451,121.293924,0,dash,3,45
1,set_1,7.803651,845.854800,949.063500,0.131435,100.024133,0,dash,3,46
1,set_1,7.984305,949.929600,945.499500,0.065906,104.135806,0,dash,3,47
1,set_1,8.066474,990.462400,956.268900,0.098517,41.939097,0,dash,3,48
1,set_1,8.230896,1104.022080,942.208200,0.164121,114.426851,0,dash,3,49
1,set_1,8.460682,1210.724677,995.393215,0.213600,119.222859,0,dash,3,50
1,set_1,8.723775,1114.435200,1018.966500,0.032826,99.133058,0,dash,3,51
1,set_1,8.855123,1305.668800,1012.917600,0.098538,191.329242,0,dash,3,52
1,set_1,8.970122,1227.216000,977.475600,0.016450,86.087033,0,dash,3,53
1,set_1,9.101570,829.824000,1015.583400,0.016379,399.214987,0,dash,3,54
1,set_1,9.134270,828.964800,1024.301700,0.033023,8.760535,0,dash,3,55
1,set_1,9.200146,868.046400,969.234525,0.131358,67.526034,0,dash,3,56
1,set_1,9.364403,953.577600,953.865720,0.082170,86.901015,0,dash,3,57
1,set_1,9.479437,997.548800,998.236800,0.098555,62.468065,0,dash,3,58
1,set_1,9.643753,1124.505600,1000.981800,0.016376,126.986472,0,dash,3,59
1,set_1,9.725878,1016.160000,1038.533400,0.016378,114.668617,0,dash,3,60
1,set_1,9.840850,1274.926080,988.618320,0.246389,263.536334,0,dash,3,61
1,set_1,10.202300,859.176847,1039.862118,0.279275,418.895394,0,dash,3,62
1,set_1,10.596451,961.752686,1048.854343,0.115102,102.969232,0,dash,3,63
1,set_1,10.777211,1065.321600,1050.016500,0.032803,103.575434,0,dash,3,64
1,set_1,10.842888,1030.665600,960.643800,0.032848,95.856757,0,dash,3,65
1,set_1,10.974422,1146.364800,932.347800,0.016481,119.109061,0,dash,3,66
1,set_1,11.040174,1178.102400,1017.480150,0.065680,90.855887,0,dash,3,67
1,set_1,11.171631,1287.013200,1047.175425,0.131409,112.886544,0,dash,3,68
1,set_1,11.417927,834.528000,1080.000000,0.016411,453.674232,0,dash,3,69
1,set_1,11.450710,857.486400,1024.299675,0.131569,60.246281,0,dash,3,70
1,set_1,11.615099,824.236800,1060.376400,0.016358,49.061859,0,dash,3,71
1,set_2,0.049165,853.276800,616.393800,0.016427,0.000000,0,median,4,72
1,set_2,0.082080,891.431040,602.112960,0.082126,0.000000,0,median,4,73
1,set_2,0.312065,865.388800,908.334000,0.049352,307.326412,-2,dash,2,74
1,set_2,0.377724,916.718400,887.147100,0.032920,55.530285,0,dash,2,75
1,set_2,0.443449,851.990400,931.689000,0.016460,78.572863,0,dash,2,76
1,set_2,0.492752,855.038400,876.646800,0.032853,55.126528,0,dash,2,77
1,set_2,0.574940,851.436800,975.742200,0.049240,99.160828,0,dash,2,78
1,set_2,1.560607,925.936000,545.083200,0.049383,437.055265,-1,car_in_front,1,79
1,set_2,1.642595,919.171200,604.746000,0.016669,60.045085,0,car_in_front,1,80
1,set_2,1.790732,893.635200,906.557400,0.016403,302.889763,1,dash,2,81
1,set_2,1.823439,855.009280,889.803720,0.246329,42.102820,0,dash,2,82
1,set_2,2.102854,799.555200,938.345400,0.049254,73.698370,0,dash,2,83
1,set_2,2.234122,945.143564,921.795709,0.180919,146.525984,0,dash,2,84
1,set_2,2.497074,1055.607360,911.652300,0.164385,110.928531,0,dash,2,85
1,set_2,2.743420,1186.761600,930.686400,0.049411,132.528230,0,dash,2,86
1,set_2,2.809143,1174.368000,895.878900,0.033018,36.948117,0,dash,2,87
1,set_2,2.874979,1211.942400,951.561000,0.049138,67.173892,0,dash,2,88
1,set_2,3.006192,1287.422400,817.038900,0.032946,154.251178,0,dash,2,89
1,set_2,3.088580,1282.316800,884.757600,0.049244,67.910894,0,dash,2,90
1,set_2,3.187037,1350.224000,880.392600,0.049296,68.047344,0,dash,2,91
1,set_2,3.285627,1288.350400,942.067800,0.098581,87.362307,0,dash,2,92
1,set_2,3.417179,1206.430400,964.260000,0.197036,84.872729,0,dash,2,93
1,set_2,3.679909,1270.675200,990.316800,0.016470,69.327853,0,dash,2,94
1,set_2,3.794929,981.667200,971.119800,0.016384,289.644867,0,dash,2,95
1,set_2,3.827627,986.928000,999.407700,0.033105,28.772927,0,dash,2,96
1,set_2,3.877178,1018.555200,980.974800,0.065509,36.606715,0,dash,2,97
1,set_2,3.991910,1094.136000,1001.354400,0.032972,78.280173,0,dash,2,98
1,set_2,4.057774,1042.416000,965.325600,0.032776,63.031998,0,dash,2,99
1,set_2,4.156309,1169.715200,1002.682800,0.049302,132.667429,0,dash,2,100
1,set_2,4.222159,1140.236400,1008.717300,0.131333,30.090112,0,dash,2,101
1,set_2,4.369912,1175.769600,1007.996400,0.016549,35.540512,0,dash,2,102
1,set_2,4.485003,905.222400,994.469400,0.016413,270.885155,0,dash,2,103
1,set_2,4.517835,879.144847,1009.714235,0.279307,30.206684,0,dash,2,104
1,set_2,4.895709,1072.521600,1021.113000,0.016454,193.712417,0,dash,2,105
1,set_2,4.928607,1037.827200,1065.800700,0.032760,56.574658,0,dash,2,106
1,set_2,5.027187,1039.155200,991.151400,0.147845,74.661112,0,dash,2,107
1,set_2,5.273511,869.347200,968.614200,0.016512,171.297058,0,dash,2,108
1,set_3,0.344955,920.160000,929.086200,0.016415,0.000000,0,dash,2,109
1,set_3,0.377958,921.780800,860.121900,0.098524,68.983343,0,dash,2,110
1,set_3,0.640733,912.072000,927.579600,0.032888,68.152785,0,dash,2,111
1,set_3,1.445739,1259.209846,515.285031,0.213536,538.972630,1,rear_view_mirror,3,112
1,set_3,1.987808,1268.699345,524.344418,0.180775,13.119569,0,rear_view_mirror,3,113
1,set_3,2.267118,971.692800,883.186200,0.016349,465.811456,-1,dash,2,114
1,set_3,2.299947,959.246400,879.627600,0.065849,12.945134,0,dash,2,115
1,set_3,2.447882,1004.568000,972.059400,0.032906,102.945059,0,dash,2,116
1,set_3,2.513525,945.388800,899.883000,0.016540,93.336008,0,dash,2,117
1,set_3,2.612087,1131.727418,893.581691,0.180852,186.445132,0,dash,2,118
1,set_3,2.858560,1224.699000,908.111925,0.262938,94.100174,0,dash,2,119
1,set_3,3.137826,1212.612000,966.567600,0.065735,59.692223,0,dash,2,120
1,set_3,3.220062,1263.012000,947.735100,0.065638,53.803560,0,dash,2,121
1,set_3,3.351325,1248.182400,874.886400,0.016545,74.342788,0,dash,2,122
1,set_3,3.597736,836.275200,917.773200,0.049345,414.133818,0,dash,2,123
1,set_3,3.696422,932.104800,970.934512,0.262891,109.587579,0,dash,2,124
1,set_3,3.975695,973.528000,935.383950,0.197129,54.586848,0,dash,2,125
1,set_3,4.255052,1165.449600,858.168000,0.032802,206.872433,0,dash,2,126
1,set_3,4.337075,1103.492267,932.466600,0.147863,96.741889,0,dash,2,127
1,set_3,4.534365,1201.183200,979.815150,0.065735,108.560599,0,dash,2,128
1,set_3,4.616413,1167.734400,992.682000,0.032879,35.838221,0,dash,2,129
1,set_3,4.665753,1223.487360,996.520320,0.082112,55.884929,0,dash,2,130
1,set_3,4.797174,1353.734400,874.503000,0.016318,178.472737,0,dash,2,131
1,set_3,4.928467,834.444800,1012.257000,0.049276,537.250271,0,dash,2,132
1,set_3,5.043512,831.820800,878.029200,0.016528,134.253446,0,dash,2,133
1,set_3,5.125660,861.731657,1025.485457,0.114984,150.459321,0,dash,2,134
1,set_3,5.306384,965.046109,971.514000,0.180678,116.562405,0,dash,2,135
1,set_3,5.552957,1065.336000,999.772200,0.032611,104.194952,0,dash,2,136
1,set_3,5.635076,1154.102400,897.245100,0.032769,135.614454,0,dash,2,137
1,set_3,5.700764,1050.878400,986.407200,0.032723,136.400419,0,dash,2,138
1,set_3,5.782759,1165.161600,1023.289200,0.016534,120.087184,0,dash,2,139
1,set_3,5.832108,1117.564800,955.670400,0.032881,82.690734,0,dash,2,140
1,set_3,5.914222,1179.600000,1020.924000,0.032885,90.035539,0,dash,2,141
1,set_3,5.963703,1154.779636,1000.380436,0.180665,32.219380,0,dash,2,142
1,set_3,6.193618,1067.399467,1017.746400,0.147707,89.089117,0,dash,2,143
1,set_3,6.423564,1168.046400,968.538600,0.032850,112.032195,0,dash,2,144
1,set_3,6.505820,1122.672000,1055.027700,0.032811,97.668831,0,dash,2,145
1,set_3,6.604255,1269.153600,1016.612100,0.098557,151.435192,0,dash,2,146
1,set_3,6.817743,861.010133,1021.012800,0.147900,408.167191,0,dash,2,147
1,set_3,7.064256,976.807200,972.621000,0.065761,125.501900,0,dash,2,148
1,set_3,7.146562,979.612800,974.484000,0.016379,3.367812,0,dash,2,149
1,set_3,7.277938,1273.814400,538.218000,0.016400,526.196355,1,rear_view_mirror,3,150
1,set_3,7.491506,1252.905600,578.156400,0.032858,45.080525,0,rear_view_mirror,3,151
1,set_3,7.557051,1269.223680,484.639200,0.082195,94.930219,0,rear_view_mirror,3,152
1,set_4,0.180298,946.608000,431.238600,0.016411,0.000000,0,street_signs,5,153
1,set_4,0.377492,958.512000,705.512700,0.032851,274.532306,-3,car,2,154
1,set_4,0.525339,911.183127,621.310745,0.180833,96.591880,0,car,2,155
1,set_4,1.083978,783.172800,587.541600,0.065688,132.389573,-1,crosswalk,1,156
1,set_4,1.231830,927.507200,611.688600,0.098570,146.340345,1,car,2,157
1,set_4,1.412565,939.326400,691.140600,0.032731,80.326296,0,car,2,158
1,set_4,1.527542,900.780800,573.467400,0.049289,123.825463,-1,crosswalk,1,159
1,set_4,1.642603,968.214400,663.570000,0.049259,112.542298,1,car,2,160
1,set_4,1.773957,1089.301867,637.575300,0.295678,123.846272,0,car,2,161
1,set_4,2.118977,1052.460000,595.822500,0.065656,55.683206,0,car,2,162
1,set_4,2.431096,1085.123657,499.150543,0.115035,102.041079,3,street_signs,5,163
1,set_4,2.562529,1017.904800,509.043150,0.065778,67.942906,0,street_signs,5,164
1,set_4,2.644604,1050.644800,473.662800,0.197138,48.204531,0,street_signs,5,165
1,set_4,2.874549,1034.309333,508.083600,0.148004,38.100380,0,street_signs,5,166
1,set_4,3.055322,1025.284800,464.308200,0.032806,44.695949,0,street_signs,5,167
1,set_4,3.285309,799.411200,544.093200,0.032943,239.550682,-4,crosswalk,1,168
1,set_4,3.351126,806.712000,619.407000,0.065673,75.666837,0,crosswalk,1,169
1,set_4,3.449756,820.151314,598.768200,0.459975,24.628748,0,crosswalk,1,170
1,set_4,3.926173,824.736000,605.788200,0.032853,8.384494,0,crosswalk,1,171
1,set_4,4.550465,655.782400,650.473200,0.049072,174.762891,0,crosswalk,1,172
1,set_4,4.632505,649.929600,582.225300,0.131399,68.498402,0,crosswalk,1,173
1,set_4,4.780358,640.080000,595.225800,0.016475,16.310353,0,crosswalk,1,174
1,set_4,5.010215,1161.525600,557.802000,0.197421,522.786816,3,pedestrian,4,175
1,set_4,5.240395,1230.729600,574.117200,0.032856,71.101191,0,pedestrian,4,176
1,set_4,5.289712,1156.982400,521.056800,0.016420,90.851833,0,pedestrian,4,177
1,set_4,5.437517,1280.121600,578.232000,0.032838,135.765482,0,pedestrian,4,178
1,set_4,5.634628,1247.107200,600.210000,0.065708,39.660851,0,pedestrian,4,179
1,set_4,5.766112,1223.654400,526.311000,0.032859,77.531258,0,pedestrian,4,180
1,set_4,5.815407,1183.707600,519.413175,0.131420,40.537968,0,pedestrian,4,181
1,set_4,6.127472,1200.398400,618.205500,0.032915,100.192346,0,pedestrian,4,182
1,set_4,6.258870,1089.877527,918.658800,0.180747,320.135985,-1,dash,3,183
1,set_4,6.603824,1110.348800,957.825900,0.098658,44.194284,0,dash,3,184
1,set_4,6.751862,1025.606400,948.603600,0.049291,85.242743,0,dash,3,185
1,set_4,6.834052,1038.796800,891.202500,0.032804,58.897139,0,dash,3,186
1,set_4,6.948912,911.683200,941.222700,0.032968,136.601200,0,dash,3,187
1,set_4,6.998232,893.213867,898.833600,0.147732,46.237994,0,dash,3,188
1,set_4,7.359756,966.946800,978.062175,0.131385,108.229906,0,dash,3,189
1,set_4,7.540415,1048.464600,933.121350,0.262771,93.085066,0,dash,3,190
1,set_4,7.819634,1062.528000,907.972200,0.049242,28.814215,0,dash,3,191
1,set_4,7.901713,1057.579200,1013.696100,0.032992,105.839660,0,dash,3,192
1,set_4,8.033139,1152.551314,940.060543,0.115071,120.174447,0,dash,3,193
1,set_4,8.230424,1294.300800,969.551100,0.032932,144.784701,0,dash,3,194
1,set_4,8.279709,1279.416000,918.481950,0.131370,53.194129,0,dash,3,195
1,set_4,8.443961,1344.571200,892.063800,0.032779,70.307316,0,dash,3,196
1,set_4,8.509709,1352.867200,965.593800,0.049299,73.996517,0,dash,3,197
1,set_4,8.624749,1232.145600,960.006600,0.032716,120.850823,0,dash,3,198
1,set_4,8.723357,1342.627200,903.841200,0.016342,123.938437,0,dash,3,199
1,set_4,8.805406,1263.657600,973.630800,0.016451,105.388738,0,dash,3,200
1,set_4,8.871110,1203.676800,881.393400,0.016474,110.024699,0,dash,3,201
1,set_4,8.920483,1203.344914,960.488743,0.114878,79.096039,0,dash,3,202
1,set_4,9.199689,895.852800,998.462160,0.082090,309.827986,0,dash,3,203
1,set_4,9.314713,841.904000,1027.370520,0.246417,61.205934,0,dash,3,204
1,set_4,9.659584,1028.563200,1031.275800,0.016571,186.700049,0,dash,3,205
1,set_4,9.692608,1006.710400,1035.012600,0.098558,22.169992,0,dash,3,206
1,set_4,9.823979,982.641600,999.612900,0.098489,42.807078,0,dash,3,207
1,set_4,9.938999,957.523200,1005.552900,0.032710,25.811192,0,dash,3,208
1,set_4,10.004734,1001.692800,1036.186200,0.049160,53.752699,0,dash,3,209
1,set_4,10.136130,1089.168000,989.231400,0.032831,99.280733,0,dash,3,210
1,set_4,10.201815,1097.637600,933.168600,0.065771,56.698956,0,dash,3,211
1,set_4,10.283962,1092.169600,986.000400,0.049270,53.114011,0,dash,3,212
1,set_4,10.398818,1210.473600,956.736900,0.098702,121.869557,0,dash,3,213
1,set_4,10.546892,1293.033600,922.806000,0.016318,89.260627,0,dash,3,214
1,set_4,10.645382,1228.147200,1049.916600,0.016478,142.714223,0,dash,3,215
1,set_4,10.727587,1267.276800,945.691200,0.016409,111.328611,0,dash,3,216
1,set_4,10.924690,896.995200,962.973000,0.049328,370.684669,0,dash,3,217
1,set_4,10.990353,861.340800,1000.575720,0.082206,51.818923,0,dash,3,218
1,set_4,11.154689,986.832000,982.986840,0.082055,126.717836,0,dash,3,219
1,set_4,11.269605,1028.156160,992.943360,0.082157,42.506688,0,dash,3,220
1,set_4,11.417544,1103.263754,972.985708,0.213634,77.713953,0,dash,3,221
1,set_4,11.663888,1151.673600,1010.010600,0.032884,60.945515,0,dash,3,222
1,set_4,11.729687,1099.814400,972.893700,0.032922,63.773356,0,dash,3,223
1,set_4,11.811906,1212.076800,1016.450100,0.032853,120.415973,0,dash,3,224
1,set_4,11.877594,1247.145600,974.163600,0.098588,54.936043,0,dash,3,225
1,set_4,12.173222,879.868800,1008.622800,0.016441,368.889800,0,dash,3,226
1,set_4,12.206159,911.029760,1060.453800,0.246332,60.476921,0,dash,3,227
1,set_4,12.501838,847.235200,996.780600,0.049318,90.133358,0,dash,3,228
1,set_4,12.633267,1045.126400,969.571800,0.049308,199.752962,0,dash,3,229
1,set_4,12.731908,1052.701440,1047.627000,0.082061,78.421907,0,dash,3,230
1,set_4,12.896153,1228.420800,979.574400,0.098629,188.436859,0,dash,3,231
1,set_4,13.109667,1081.953600,1049.970600,0.032864,162.506202,0,dash,3,232
1,set_4,13.257532,1007.712000,571.374000,0.016403,484.320680,-1,car,2,233
1,set_4,13.290406,1032.727855,568.897855,0.180702,25.138104,0,car,2,234
1,set_4,13.586205,1056.144000,594.723600,0.016326,34.860938,0,car,2,235
1,set_4,13.618985,968.131200,631.238400,0.032944,95.286849,0,car,2,236
1,set_4,13.684688,1029.584640,573.059880,0.082072,84.624261,0,car,2,237
1,set_4,13.799694,1017.724800,604.278692,0.213555,33.395659,0,car,2,238
1,set_4,14.062551,999.604114,649.243543,0.115014,48.478831,0,car,2,239
1,set_4,14.259712,1015.622400,637.362000,0.032770,19.943835,0,car,2,240
1,set_4,14.539071,1015.708800,588.999600,0.016250,48.362477,0,car,2,241
1,set_4,14.801797,1137.811840,428.014440,0.246451,202.052899,3,street_signs,5,242
1,set_4,15.196164,1118.092800,414.082800,0.016429,24.143967,0,street_signs,5,243
1,set_4,15.853287,777.028800,557.562150,0.065757,370.014832,-4,crosswalk,1,244
1,set_4,15.951888,753.723600,605.245500,0.131461,53.073856,0,crosswalk,1,245
1,set_4,16.099631,739.090560,550.441440,0.082153,56.723988,0,crosswalk,1,246
1,set_4,16.231167,785.817600,607.429800,0.032809,73.695926,0,crosswalk,1,247
1,set_4,16.296809,798.048000,523.950600,0.147959,84.370371,0,crosswalk,1,248
1,set_4,16.477618,752.718933,543.114000,0.147869,49.213415,0,crosswalk,1,249
1,set_4,16.641912,797.525760,583.922520,0.082054,60.605173,0,crosswalk,1,250
1,set_4,16.740435,789.573600,559.934100,0.131379,25.272142,0,crosswalk,1,251
1,set_4,16.904685,787.478400,529.459200,0.016496,30.546839,0,crosswalk,1,252
1,set_4,16.986695,843.360000,625.279500,0.033022,110.924673,0,crosswalk,1,253
1,set_4,17.052591,809.011200,583.515900,0.032692,54.074378,0,crosswalk,1,254
1,set_4,18.087464,919.987200,710.704800,0.016625,168.797775,1,car,2,255
1,set_4,18.169590,946.099200,883.364400,0.016512,174.622948,1,dash,3,256
1,set_4,18.514784,1163.980800,892.182600,0.016275,218.059974,0,dash,3,257
1,set_4,18.728373,1263.370560,576.281520,0.164121,331.167355,1,pedestrian,4,258
1,set_4,19.106174,1269.866400,536.484600,0.065712,40.323576,0,pedestrian,4,259
1,set_4,19.319710,1299.004800,573.863400,0.016510,47.394314,0,pedestrian,4,260
1,set_4,19.451143,1223.136873,625.195309,0.180679,91.601896,0,pedestrian,4,261
1,set_4,19.648253,1220.054400,641.909571,0.115011,16.996123,0,pedestrian,4,262
1,set_4,19.894763,1331.433600,537.286500,0.032798,152.811365,0,pedestrian,4,263
1,set_4,20.387493,946.843200,587.078100,0.098580,387.800179,-2,car,2,264
1,set_4,20.551867,931.632000,717.400800,0.016416,131.207419,0,car,2,265
1,set_4,20.617615,1002.480000,630.174600,0.032828,112.373703,0,car,2,266
1,set_4,20.781846,947.657600,588.789000,0.049328,68.689617,0,car,2,267
1,set_4,20.847621,920.519040,561.402360,0.082079,38.555538,0,car,2,268
1,set_4,20.946114,906.038400,574.349400,0.016480,19.424592,-1,crosswalk,1,269
1,set_4,21.028270,1034.719200,600.996375,0.131548,131.410843,1,car,2,270
1,set_4,21.176241,991.062720,622.587600,0.164181,48.703894,0,car,2,271
1,set_4,21.488386,1006.080000,716.214960,0.081961,94.824054,0,car,2,272
1,set_4,21.636085,970.452000,595.464750,0.065848,125.896654,0,car,2,273
1,set_4,21.734761,996.604800,600.588000,0.016456,26.649890,0,car,2,274
1,set_4,21.833323,891.205440,556.251300,0.164305,114.344952,-1,crosswalk,1,275
1,set_4,22.178408,879.062400,566.673300,0.032685,16.002234,0,crosswalk,1,276
1,set_4,22.359064,867.232000,605.198400,0.147778,40.300641,0,crosswalk,1,277
1,set_4,22.621784,839.019600,539.669250,0.131583,71.344299,0,crosswalk,1,278
1,set_4,22.786187,855.964800,579.714600,0.147880,43.482984,0,crosswalk,1,279
1,set_4,22.950338,831.087360,609.447240,0.082256,38.767472,0,crosswalk,1,280
1,set_4,23.410424,812.188800,613.377900,0.032968,19.302996,0,crosswalk,1,281
1,set_4,23.607660,682.438892,613.817585,0.213484,129.750653,0,crosswalk,1,282
1,set_4,23.854040,694.310400,569.697300,0.032713,45.689520,0,crosswalk,1,283
1,set_4,23.919762,676.721829,599.160086,0.115004,34.313461,0,crosswalk,1,284
1,set_4,24.051142,642.206400,607.089600,0.032895,35.414573,0,crosswalk,1,285
1,set_4,24.116870,633.504000,526.672800,0.016491,80.886300,0,crosswalk,1,286
1,set_4,24.691779,1020.225600,478.503450,0.065897,389.709998,4,street_signs,5,287
1,set_4,24.839763,1138.189714,454.920171,0.345084,120.298393,0,street_signs,5,288
1,set_4,25.234064,1156.422000,571.079700,0.131414,117.581684,-1,pedestrian,4,289
1,set_4,25.628290,1137.528000,443.831400,0.032899,128.643356,1,street_signs,5,290
1,set_4,25.792691,1118.784000,639.225000,0.032824,196.290592,-3,car,2,291
1,set_4,25.858212,1118.380800,502.934400,0.016583,136.291196,3,street_signs,5,292
1,set_4,26.203229,1326.433600,580.326300,0.098580,221.980796,-1,pedestrian,4,293
1,set_4,26.416799,1026.355200,917.065800,0.016530,451.043830,-1,dash,3,294
1,set_4,26.466078,1057.211200,915.953400,0.098641,30.876045,0,dash,3,295
1,set_4,26.597644,1043.452800,968.439600,0.049186,54.259513,0,dash,3,296
1,set_4,26.663399,1047.386400,946.880212,0.262768,21.915301,0,dash,3,297
1,set_4,26.975311,1161.811200,939.305700,0.032908,114.675229,0,dash,3,298
1,set_4,27.057700,1065.084000,973.302750,0.065506,102.527804,0,dash,3,299
1,set_4,27.139625,1086.172800,944.233200,0.016596,35.913455,0,dash,3,300
1,set_4,27.205398,1173.967200,960.184800,0.065781,89.231778,0,dash,3,301
1,set_4,27.336992,1254.398400,917.265600,0.032828,91.165979,0,dash,3,302
1,set_4,27.435471,1158.134400,956.199600,0.016278,103.839367,0,dash,3,303
1,set_4,27.665351,884.735262,583.335000,0.213664,462.358193,-2,crosswalk,1,304
1,set_4,27.895565,825.056000,561.092400,0.049232,63.689462,0,crosswalk,1,305
1,set_4,28.108932,912.220800,617.938200,0.032939,104.063189,1,car,2,306
1,set_4,28.191114,899.358000,518.330475,0.131403,100.434807,-1,crosswalk,1,307
1,set_4,28.404615,922.886400,695.085300,0.032853,178.313919,1,car,2,308
1,set_4,28.486762,901.117440,590.234040,0.082126,107.087228,-1,crosswalk,1,309
1,set_4,28.667639,973.910400,386.521200,0.016459,216.327844,4,street_signs,5,310
1,set_4,29.012546,874.584000,596.762100,0.033000,232.523052,-4,crosswalk,1,311
1,set_4,29.094744,976.550400,497.685600,0.032924,142.173484,4,street_signs,5,312
1,set_4,29.258981,1047.759890,588.776524,0.476466,115.621572,-3,car,2,313
1,set_4,29.899748,1147.023360,573.050160,0.082051,100.501518,2,pedestrian,4,314
1,set_4,30.343455,1172.491200,409.781700,0.032618,165.242854,1,street_signs,5,315
1,set_4,30.392635,1179.242400,427.821075,0.131492,19.261302,0,street_signs,5,316
1,set_4,30.556916,1129.636800,391.270500,0.032806,61.617044,0,street_signs,5,317
1,set_4,30.786848,1155.657600,412.835400,0.016553,33.795369,0,street_signs,5,318
1,set_4,30.934796,1176.523200,450.921600,0.032897,43.427317,0,street_signs,5,319
1,set_4,31.181247,1149.446400,471.617486,0.115010,34.080387,0,street_signs,5,320
1,set_4,31.986244,913.728000,626.159700,0.032762,281.862484,-3,car,2,321
1,set_4,32.035464,920.771012,620.106459,0.279382,9.286859,0,car,2,322
1,set_4,32.528394,811.437600,575.365275,0.131332,118.133689,-1,crosswalk,1,323
1,set_4,32.692562,819.811200,626.194800,0.032853,51.514637,0,crosswalk,1,324
1,set_4,32.791206,777.052800,545.448600,0.016330,91.368647,0,crosswalk,1,325
1,set_4,32.840524,838.844160,591.436080,0.082081,77.026103,0,crosswalk,1,326
1,set_4,33.201977,942.736320,611.897760,0.164299,105.887966,1,car,2,327
1,set_4,33.415425,935.136000,680.046300,0.032915,68.571046,0,car,2,328
1,set_4,33.743941,919.704000,715.365000,0.032966,38.542927,0,car,2,329
1,set_4,33.859005,963.292800,461.586600,0.016401,257.494582,3,street_signs,5,330
1,set_4,34.006923,944.121600,711.644400,0.032804,250.791623,-3,car,2,331
1,set_4,34.088940,925.400000,594.386100,0.098710,118.743451,0,car,2,332
1,set_4,34.253418,1042.778779,565.944726,0.311987,120.775368,0,car,2,333
1,set_4,34.614678,1029.777600,719.045100,0.032927,153.651408,0,car,2,334
1,set_4,34.680504,1053.312000,632.869200,0.032871,89.331706,0,car,2,335
1,set_4,34.779057,1015.879467,561.655800,0.147927,80.452116,0,car,2,336
1,set_4,34.959853,1029.287040,499.981680,0.082018,63.114658,3,street_signs,5,337
1,set_4,35.074695,1002.144000,446.072400,0.016477,60.356898,0,street_signs,5,338
1,set_4,35.156877,1009.910400,610.599600,0.032916,164.710402,-3,car,2,339
1,set_4,35.337573,1172.555200,505.314900,0.098600,193.747772,3,street_signs,5,340
1,set_4,35.501846,1126.704000,645.679800,0.049451,147.663935,-3,car,2,341
1,set_4,35.567691,1100.520000,581.607900,0.098434,69.215679,0,car,2,342
1,set_4,35.715380,1120.948800,688.149000,0.032953,108.481989,0,car,2,343
1,set_4,35.781194,1158.861600,617.787000,0.065752,79.926162,2,pedestrian,4,344
1,set_4,36.142600,1205.290971,603.803314,0.115032,48.489483,0,pedestrian,4,345
1,set_4,37.226979,645.244800,537.899400,0.016376,563.910489,-3,crosswalk,1,346
1,set_4,37.259627,646.459200,538.524900,0.098717,1.366023,0,crosswalk,1,347
1,set_4,37.785485,762.045257,533.472171,0.230059,115.696442,0,crosswalk,1,348
1,set_4,38.048304,774.345600,596.127600,0.032973,63.851399,0,crosswalk,1,349
1,set_4,38.212702,846.475200,611.204400,0.032741,73.688460,0,crosswalk,1,350
1,set_4,38.278295,803.360753,533.238247,0.279358,89.093078,0,crosswalk,1,351
1,set_4,38.656298,842.246400,554.318100,0.032750,44.231818,0,crosswalk,1,352
1,set_4,38.935499,1019.529600,456.586200,0.016484,202.437292,4,street_signs,5,353
1,set_4,39.083385,1016.241600,447.543900,0.032772,9.621545,0,street_signs,5,354
1,set_4,39.181798,1022.714400,572.055750,0.065777,124.679982,-3,car,2,355
1,set_4,39.411980,998.863543,479.884886,0.345002,95.206783,3,street_signs,5,356
1,set_4,39.970531,955.472492,588.247338,0.213578,116.727051,-3,car,2,357
1,set_4,40.216858,931.131284,630.002937,0.312249,48.332436,0,car,2,358
1,set_4,40.709730,904.395200,591.837300,0.098530,46.598648,-1,crosswalk,1,359
1,set_4,40.939786,886.761600,540.280800,0.016465,54.488683,0,crosswalk,1,360
1,set_4,41.054702,1121.961600,596.532600,0.016487,241.833217,1,car,2,361
1,set_4,41.087631,1106.995200,619.174800,0.016431,27.141524,0,car,2,362
1,set_4,41.120502,1108.132800,693.092700,0.032777,73.926653,0,car,2,363
1,set_4,41.202595,1111.017600,619.393800,0.147909,73.755338,0,car,2,364
1,set_4,41.547567,1102.627200,601.803000,0.016564,19.489358,0,car,2,365
1,set_4,41.646276,1214.667055,588.381545,0.180730,112.840881,2,pedestrian,4,366
1,set_4,41.843362,1194.355200,609.832800,0.016396,29.541966,0,pedestrian,4,367
1,set_4,41.876199,1226.655360,599.382720,0.082167,33.948557,0,pedestrian,4,368
1,set_4,42.007559,1232.112000,562.627800,0.098651,37.157759,0,pedestrian,4,369
1,set_4,42.237586,665.180160,558.790920,0.082192,566.944823,-3,crosswalk,1,370
1,set_4,42.484055,624.264000,600.056100,0.032776,58.111507,0,crosswalk,1,371
1,set_4,42.566096,693.413120,614.274840,0.246547,70.595845,0,crosswalk,1,372
1,set_4,42.845478,654.554880,604.153080,0.082111,40.154861,0,crosswalk,1,373
1,set_4,43.075371,666.598691,598.170764,0.180768,13.447732,0,crosswalk,1,374
1,set_4,43.272672,712.041600,565.461000,0.016343,55.990951,0,crosswalk,1,375
1,set_4,43.403969,1062.387840,602.668080,0.082189,352.316413,1,car,2,376
1,set_4,43.535401,1031.292800,658.780200,0.049428,64.151941,0,car,2,377
1,set_4,43.634035,1075.331200,573.233400,0.049285,96.216608,0,car,2,378
1,set_4,43.716299,1027.382400,659.955600,0.032666,99.095042,0,car,2,379
1,set_4,43.798298,1070.630400,603.516600,0.049329,71.103799,0,car,2,380
1,set_4,43.962655,988.026880,639.510840,0.246456,90.105088,0,car,2,381
1,set_4,44.241937,1013.657600,631.477200,0.147792,26.860253,0,car,2,382
1,set_4,44.521254,999.011200,684.952200,0.049318,55.444501,0,car,2,383
1,set_4,44.619759,1006.039200,607.120650,0.065746,78.148211,0,car,2,384
1,set_4,44.701885,992.956800,654.253200,0.016503,48.914481,0,car,2,385
1,set_5,0.049297,894.576000,615.232800,0.016489,0.000000,0,highway_right,4,386
1,set_5,0.082209,892.929600,607.240800,0.032822,0.000000,0,highway_right,4,387
1,set_5,0.131479,900.302400,582.325200,0.032820,25.983558,0,highway_right,4,388
1,set_5,0.213564,911.606400,640.128600,0.049291,58.898332,0,highway_right,4,389
1,set_5,0.640715,929.356800,904.775400,0.016423,265.241410,-3,dash,1,390
1,set_5,0.673537,887.619200,923.862600,0.049420,45.894972,0,dash,1,391
1,set_5,0.772154,933.894400,993.618000,0.049327,83.709079,0,dash,1,392
1,set_5,0.903704,845.462400,889.887600,0.016425,136.309261,0,dash,1,393
1,set_5,1.035129,964.771200,874.997100,0.032819,120.234424,0,dash,1,394
1,set_5,1.232231,1069.920000,941.565600,0.049169,124.449328,0,dash,1,395
1,set_5,1.379937,906.729600,606.204000,0.016483,372.959126,3,highway_right,4,396
1,set_5,1.429166,888.084000,634.630950,0.065816,33.996322,0,highway_right,4,397
1,set_5,1.511452,901.528320,591.079680,0.082251,45.579193,0,highway_right,4,398
1,set_5,1.609937,891.981600,576.931800,0.591640,17.067582,0,highway_right,4,399
1,set_5,2.234379,929.846400,587.096100,0.164289,39.205307,0,highway_right,4,400
1,set_5,2.415129,918.700800,540.378000,0.016433,48.029213,0,highway_right,4,401
1,set_5,2.562799,1110.576000,926.764200,0.016471,431.405132,-3,dash,1,402
1,set_5,2.595673,1089.033600,918.048600,0.065878,23.238689,0,dash,1,403
1,set_5,2.727385,1174.819200,902.592450,0.131313,87.166861,0,dash,1,404
1,set_5,2.940759,1307.289600,918.021600,0.082267,133.365908,0,dash,1,405
1,set_5,3.039334,1324.233600,916.428600,0.016364,17.018719,0,dash,1,406
1,set_5,3.154331,898.112640,958.295880,0.164342,428.172794,0,dash,1,407
1,set_5,3.400800,803.123200,962.278200,0.049239,95.072880,0,dash,1,408
1,set_5,3.466554,831.600000,904.948200,0.032828,64.012944,0,dash,1,409
1,set_5,3.565124,956.741600,952.381800,0.196973,133.829617,0,dash,1,410
1,set_5,3.893658,1053.292800,973.584900,0.032737,98.851938,0,dash,1,411
1,set_5,3.992219,1132.900800,894.335400,0.098568,112.329502,0,dash,1,412
1,set_5,4.238565,877.060800,482.376600,0.032877,484.937273,3,highway_right,4,413
1,set_5,4.369985,824.576188,480.503118,0.279375,52.518039,-1,highway_left,3,414
1,set_5,4.682157,842.734400,478.648800,0.098666,18.252648,0,highway_left,3,415
1,set_5,5.010873,928.880000,578.160000,0.049230,131.618932,1,highway_right,4,416
1,set_5,5.092932,875.539200,534.664800,0.016437,68.826400,0,highway_right,4,417
1,set_5,5.125825,896.852400,574.217100,0.131404,44.929244,0,highway_right,4,418
1,set_5,5.273631,894.844800,535.960800,0.049217,38.308941,0,highway_right,4,419
1,set_5,5.339295,940.152000,587.343375,0.394316,68.504827,0,highway_right,4,420
1,set_5,5.865000,1107.398400,1011.183750,0.065675,455.644622,-3,dash,1,421
1,set_5,5.980005,1089.475200,943.920000,0.032974,69.610726,0,dash,1,422
1,set_5,6.045720,1162.584000,983.958975,0.131384,83.354761,0,dash,1,423
1,set_5,6.193567,1163.726400,993.494700,0.033033,9.603912,0,dash,1,424
1,set_5,6.292237,1207.238400,975.196800,0.016394,47.202831,0,dash,1,425
1,set_5,6.374460,1160.985600,1048.285800,0.032816,86.494644,0,dash,1,426
1,set_5,6.440126,1184.341440,990.640800,0.164283,62.196795,0,dash,1,427
1,set_5,6.670049,1283.980800,940.615200,0.016516,111.492433,0,dash,1,428
1,set_5,6.752218,1246.855200,1032.230250,0.065737,98.851543,0,dash,1,429
1,set_5,6.867153,1236.283200,877.659300,0.032929,154.932068,0,dash,1,430
1,set_5,6.932892,1224.171927,963.473400,0.180689,86.664541,0,dash,1,431
1,set_5,7.130114,1244.659200,964.002600,0.016201,20.494106,0,dash,1,432
1,set_5,7.245165,876.026880,951.235380,0.164106,368.853344,0,dash,1,433
1,set_5,7.425813,850.345600,935.663400,0.049221,30.033560,0,dash,1,434
1,set_5,7.491490,858.854400,970.390800,0.016527,35.754608,0,dash,1,435
1,set_5,7.524232,869.697600,985.813200,0.032982,18.852729,0,dash,1,436
1,set_5,7.704933,1067.580988,987.344894,0.279394,197.889316,0,dash,1,437
1,set_5,8.049990,1186.322133,998.969400,0.147994,119.308795,0,dash,1,438
1,set_5,8.263611,1277.602560,991.959480,0.082166,91.549196,0,dash,1,439
1,set_5,8.460815,849.086400,992.736000,0.032815,428.516864,0,dash,1,440
1,set_5,8.510016,887.771520,1026.483300,0.164320,51.336330,0,dash,1,441
1,set_5,8.756462,1052.022933,1029.158700,0.295698,164.273201,0,dash,1,442
1,set_5,9.101427,1170.720000,997.594200,0.147908,122.822275,0,dash,1,443
1,set_5,9.331441,1236.315733,1010.862000,0.148000,66.924097,0,dash,1,444
1,set_5,9.495859,1266.216960,1008.316080,0.082111,30.009416,0,dash,1,445
1,set_5,9.725623,920.729600,554.400000,0.049464,570.439588,3,highway_right,4,446
1,set_5,9.807963,955.605000,570.883613,0.262856,38.574642,0,highway_right,4,447
1,set_5,10.087191,963.293929,556.489694,0.279421,16.318839,0,highway_right,4,448
1,set_5,10.399299,982.181760,478.794240,0.082122,79.958325,0,highway_right,4,449
1,set_5,10.547333,943.646400,601.357500,0.032774,128.478507,0,highway_right,4,450
1,set_5,10.613010,1015.430400,558.252000,0.032693,83.731874,0,highway_right,4,451
1,set_5,10.744317,1195.137600,459.434700,0.032904,205.084218,-2,speed_limit,2,452
1,set_5,10.826587,1156.704000,524.643075,0.131425,75.691966,0,speed_limit,2,453
1,set_5,11.138648,1158.000000,575.599500,0.065736,50.972903,0,speed_limit,2,454
1,set_5,11.237315,1195.663200,512.473500,0.065726,73.507881,0,speed_limit,2,455
1,set_5,11.319467,1159.595520,487.742040,0.082048,43.732398,0,speed_limit,2,456
